# Volcado de tabla country
# ------------------------------------------------------------

DROP TABLE IF EXISTS `country`;

CREATE TABLE `country` (
  `id` int(11) NOT NULL AUTO_INCREMENT,
  `name` varchar(45) DEFAULT NULL,
  `prefix` varchar(45) DEFAULT NULL,
  `createdAt` datetime NOT NULL,
  `updatedAt` datetime NOT NULL,
  PRIMARY KEY (`id`)
) ENGINE=InnoDB DEFAULT CHARSET=latin1 COMMENT='INSERT INTO `Country` (`id`, `name`, `prefix`, `createdAt`, `updatedAt`)\nVALUES\n	(1, ''Todos'', ''all'', ''0000-00-00 00:00:00'', ''0000-00-00 00:00:00''),\n	(56, ''Chile'', ''cl'', ''0000-00-00 00:00:00'', ''0000-00-00 00:00:00'');';

LOCK TABLES `country` WRITE;
/*!40000 ALTER TABLE `country` DISABLE KEYS */;

INSERT INTO `country` (`id`, `name`, `prefix`, `createdAt`, `updatedAt`)
VALUES
	(1,'Todos','all','0000-00-00 00:00:00','0000-00-00 00:00:00'),
	(56,'Chile','cl','0000-00-00 00:00:00','0000-00-00 00:00:00');

/*!40000 ALTER TABLE `country` ENABLE KEYS */;
UNLOCK TABLES;


# Volcado de tabla commune
# ------------------------------------------------------------

DROP TABLE IF EXISTS `commune`;

CREATE TABLE `commune` (
  `id` int(11) NOT NULL AUTO_INCREMENT,
  `name` varchar(45) DEFAULT NULL,
  `createdAt` datetime NOT NULL,
  `updatedAt` datetime NOT NULL,
  `province_id` int(11) DEFAULT NULL,
  PRIMARY KEY (`id`),
  KEY `province_id` (`province_id`),
  CONSTRAINT `Commune_ibfk_1` FOREIGN KEY (`province_id`) REFERENCES `Province` (`id`) ON DELETE SET NULL ON UPDATE CASCADE
) ENGINE=InnoDB DEFAULT CHARSET=latin1;

LOCK TABLES `commune` WRITE;
/*!40000 ALTER TABLE `commune` DISABLE KEYS */;

INSERT INTO `commune` (`id`, `name`, `createdAt`, `updatedAt`, `province_id`)
VALUES
	(1101,'Iquique','0000-00-00 00:00:00','0000-00-00 00:00:00',11),
	(1107,'Alto Hospicio','0000-00-00 00:00:00','0000-00-00 00:00:00',11),
	(1401,'Pozo Almonte','0000-00-00 00:00:00','0000-00-00 00:00:00',14),
	(1402,'Camiña','0000-00-00 00:00:00','0000-00-00 00:00:00',14),
	(1403,'Colchane','0000-00-00 00:00:00','0000-00-00 00:00:00',14),
	(1404,'Huara','0000-00-00 00:00:00','0000-00-00 00:00:00',14),
	(1405,'Pica','0000-00-00 00:00:00','0000-00-00 00:00:00',14),
	(2101,'Antofagasta','0000-00-00 00:00:00','0000-00-00 00:00:00',21),
	(2102,'Mejillones','0000-00-00 00:00:00','0000-00-00 00:00:00',21),
	(2103,'Sierra Gorda','0000-00-00 00:00:00','0000-00-00 00:00:00',21),
	(2104,'Taltal','0000-00-00 00:00:00','0000-00-00 00:00:00',21),
	(2201,'Calama','0000-00-00 00:00:00','0000-00-00 00:00:00',22),
	(2202,'Ollagüe','0000-00-00 00:00:00','0000-00-00 00:00:00',22),
	(2203,'San Pedro de Atacama','0000-00-00 00:00:00','0000-00-00 00:00:00',22),
	(2301,'Tocopilla','0000-00-00 00:00:00','0000-00-00 00:00:00',23),
	(2302,'Marí­a Elena','0000-00-00 00:00:00','0000-00-00 00:00:00',23),
	(3101,'Copiapó','0000-00-00 00:00:00','0000-00-00 00:00:00',31),
	(3102,'Caldera','0000-00-00 00:00:00','0000-00-00 00:00:00',31),
	(3103,'Tierra Amarilla','0000-00-00 00:00:00','0000-00-00 00:00:00',31),
	(3201,'Chañaral','0000-00-00 00:00:00','0000-00-00 00:00:00',32),
	(3202,'Diego de Almagro','0000-00-00 00:00:00','0000-00-00 00:00:00',32),
	(3301,'Vallenar','0000-00-00 00:00:00','0000-00-00 00:00:00',33),
	(3302,'Alto del Carmen','0000-00-00 00:00:00','0000-00-00 00:00:00',33),
	(3303,'Freirina','0000-00-00 00:00:00','0000-00-00 00:00:00',33),
	(3304,'Huasco','0000-00-00 00:00:00','0000-00-00 00:00:00',33),
	(4101,'La Serena','0000-00-00 00:00:00','0000-00-00 00:00:00',41),
	(4102,'Coquimbo','0000-00-00 00:00:00','0000-00-00 00:00:00',41),
	(4103,'Andacollo','0000-00-00 00:00:00','0000-00-00 00:00:00',41),
	(4104,'La Higuera','0000-00-00 00:00:00','0000-00-00 00:00:00',41),
	(4105,'Paiguano','0000-00-00 00:00:00','0000-00-00 00:00:00',41),
	(4106,'Vicuña','0000-00-00 00:00:00','0000-00-00 00:00:00',41),
	(4201,'Illapel','0000-00-00 00:00:00','0000-00-00 00:00:00',42),
	(4202,'Canela','0000-00-00 00:00:00','0000-00-00 00:00:00',42),
	(4203,'Los Vilos','0000-00-00 00:00:00','0000-00-00 00:00:00',42),
	(4204,'Salamanca','0000-00-00 00:00:00','0000-00-00 00:00:00',42),
	(4301,'Ovalle','0000-00-00 00:00:00','0000-00-00 00:00:00',43),
	(4302,'Combarbalá','0000-00-00 00:00:00','0000-00-00 00:00:00',43),
	(4303,'Monte Patria','0000-00-00 00:00:00','0000-00-00 00:00:00',43),
	(4304,'Punitaqui','0000-00-00 00:00:00','0000-00-00 00:00:00',43),
	(4305,'Río Hurtado','0000-00-00 00:00:00','0000-00-00 00:00:00',43),
	(5101,'Valparaíso','0000-00-00 00:00:00','0000-00-00 00:00:00',51),
	(5102,'Casablanca','0000-00-00 00:00:00','0000-00-00 00:00:00',51),
	(5103,'Concó­n','0000-00-00 00:00:00','0000-00-00 00:00:00',51),
	(5104,'Juan Fernández','0000-00-00 00:00:00','0000-00-00 00:00:00',51),
	(5105,'Puchuncaví','0000-00-00 00:00:00','0000-00-00 00:00:00',51),
	(5107,'Quintero','0000-00-00 00:00:00','0000-00-00 00:00:00',51),
	(5109,'Viña del Mar','0000-00-00 00:00:00','0000-00-00 00:00:00',51),
	(5201,'Isla de Pascua','0000-00-00 00:00:00','0000-00-00 00:00:00',52),
	(5301,'Los Andes','0000-00-00 00:00:00','0000-00-00 00:00:00',53),
	(5302,'Calle Larga','0000-00-00 00:00:00','0000-00-00 00:00:00',53),
	(5303,'Rinconada','0000-00-00 00:00:00','0000-00-00 00:00:00',53),
	(5304,'San Esteban','0000-00-00 00:00:00','0000-00-00 00:00:00',53),
	(5401,'La Ligua','0000-00-00 00:00:00','0000-00-00 00:00:00',54),
	(5402,'Cabildo','0000-00-00 00:00:00','0000-00-00 00:00:00',54),
	(5403,'Papudo','0000-00-00 00:00:00','0000-00-00 00:00:00',54),
	(5404,'Petorca','0000-00-00 00:00:00','0000-00-00 00:00:00',54),
	(5405,'Zapallar','0000-00-00 00:00:00','0000-00-00 00:00:00',54),
	(5501,'Quillota','0000-00-00 00:00:00','0000-00-00 00:00:00',55),
	(5502,'Calera','0000-00-00 00:00:00','0000-00-00 00:00:00',55),
	(5503,'Hijuelas','0000-00-00 00:00:00','0000-00-00 00:00:00',55),
	(5504,'La Cruz','0000-00-00 00:00:00','0000-00-00 00:00:00',55),
	(5506,'Nogales','0000-00-00 00:00:00','0000-00-00 00:00:00',55),
	(5601,'San Antonio','0000-00-00 00:00:00','0000-00-00 00:00:00',56),
	(5602,'Algarrobo','0000-00-00 00:00:00','0000-00-00 00:00:00',56),
	(5603,'Cartagena','0000-00-00 00:00:00','0000-00-00 00:00:00',56),
	(5604,'El Quisco','0000-00-00 00:00:00','0000-00-00 00:00:00',56),
	(5605,'El Tabo','0000-00-00 00:00:00','0000-00-00 00:00:00',56),
	(5606,'Santo Domingo','0000-00-00 00:00:00','0000-00-00 00:00:00',56),
	(5701,'San Felipe','0000-00-00 00:00:00','0000-00-00 00:00:00',57),
	(5702,'Catemu','0000-00-00 00:00:00','0000-00-00 00:00:00',57),
	(5703,'Llaillay','0000-00-00 00:00:00','0000-00-00 00:00:00',57),
	(5704,'Panquehue','0000-00-00 00:00:00','0000-00-00 00:00:00',57),
	(5705,'Putaendo','0000-00-00 00:00:00','0000-00-00 00:00:00',57),
	(5706,'Santa María','0000-00-00 00:00:00','0000-00-00 00:00:00',57),
	(5801,'Quilpué','0000-00-00 00:00:00','0000-00-00 00:00:00',58),
	(5802,'Limache','0000-00-00 00:00:00','0000-00-00 00:00:00',58),
	(5803,'Olmué','0000-00-00 00:00:00','0000-00-00 00:00:00',58),
	(5804,'Villa Alemana','0000-00-00 00:00:00','0000-00-00 00:00:00',58),
	(6101,'Rancagua','0000-00-00 00:00:00','0000-00-00 00:00:00',61),
	(6102,'Codegua','0000-00-00 00:00:00','0000-00-00 00:00:00',61),
	(6103,'Coinco','0000-00-00 00:00:00','0000-00-00 00:00:00',61),
	(6104,'Coltauco','0000-00-00 00:00:00','0000-00-00 00:00:00',61),
	(6105,'Doñihue','0000-00-00 00:00:00','0000-00-00 00:00:00',61),
	(6106,'Graneros','0000-00-00 00:00:00','0000-00-00 00:00:00',61),
	(6107,'Las Cabras','0000-00-00 00:00:00','0000-00-00 00:00:00',61),
	(6108,'Machalí','0000-00-00 00:00:00','0000-00-00 00:00:00',61),
	(6109,'Malloa','0000-00-00 00:00:00','0000-00-00 00:00:00',61),
	(6110,'Mostazal','0000-00-00 00:00:00','0000-00-00 00:00:00',61),
	(6111,'Olivar','0000-00-00 00:00:00','0000-00-00 00:00:00',61),
	(6112,'Peumo','0000-00-00 00:00:00','0000-00-00 00:00:00',61),
	(6113,'Pichidegua','0000-00-00 00:00:00','0000-00-00 00:00:00',61),
	(6114,'Quinta de Tilcoco','0000-00-00 00:00:00','0000-00-00 00:00:00',61),
	(6115,'Rengo','0000-00-00 00:00:00','0000-00-00 00:00:00',61),
	(6116,'Requínoa','0000-00-00 00:00:00','0000-00-00 00:00:00',61),
	(6117,'San Vicente','0000-00-00 00:00:00','0000-00-00 00:00:00',61),
	(6201,'Pichilemu','0000-00-00 00:00:00','0000-00-00 00:00:00',62),
	(6202,'La Estrella','0000-00-00 00:00:00','0000-00-00 00:00:00',62),
	(6203,'Litueche','0000-00-00 00:00:00','0000-00-00 00:00:00',62),
	(6204,'Marchihue','0000-00-00 00:00:00','0000-00-00 00:00:00',62),
	(6205,'Navidad','0000-00-00 00:00:00','0000-00-00 00:00:00',62),
	(6206,'Paredones','0000-00-00 00:00:00','0000-00-00 00:00:00',62),
	(6301,'San Fernando','0000-00-00 00:00:00','0000-00-00 00:00:00',63),
	(6302,'Chépica','0000-00-00 00:00:00','0000-00-00 00:00:00',63),
	(6303,'Chimbarongo','0000-00-00 00:00:00','0000-00-00 00:00:00',63),
	(6304,'Lolol','0000-00-00 00:00:00','0000-00-00 00:00:00',63),
	(6305,'Nancagua','0000-00-00 00:00:00','0000-00-00 00:00:00',63),
	(6306,'Palmilla','0000-00-00 00:00:00','0000-00-00 00:00:00',63),
	(6307,'Peralillo','0000-00-00 00:00:00','0000-00-00 00:00:00',63),
	(6308,'Placilla','0000-00-00 00:00:00','0000-00-00 00:00:00',63),
	(6309,'Pumanque','0000-00-00 00:00:00','0000-00-00 00:00:00',63),
	(6310,'Santa Cruz','0000-00-00 00:00:00','0000-00-00 00:00:00',63),
	(7101,'Talca','0000-00-00 00:00:00','0000-00-00 00:00:00',71),
	(7102,'Constitución','0000-00-00 00:00:00','0000-00-00 00:00:00',71),
	(7103,'Curepto','0000-00-00 00:00:00','0000-00-00 00:00:00',71),
	(7104,'Empedrado','0000-00-00 00:00:00','0000-00-00 00:00:00',71),
	(7105,'Maule','0000-00-00 00:00:00','0000-00-00 00:00:00',71),
	(7106,'Pelarco','0000-00-00 00:00:00','0000-00-00 00:00:00',71),
	(7107,'Pencahue','0000-00-00 00:00:00','0000-00-00 00:00:00',71),
	(7108,'Rí­o Claro','0000-00-00 00:00:00','0000-00-00 00:00:00',71),
	(7109,'San Clemente','0000-00-00 00:00:00','0000-00-00 00:00:00',71),
	(7110,'San Rafael','0000-00-00 00:00:00','0000-00-00 00:00:00',71),
	(7201,'Cauquenes','0000-00-00 00:00:00','0000-00-00 00:00:00',72),
	(7202,'Chanco','0000-00-00 00:00:00','0000-00-00 00:00:00',72),
	(7203,'Pelluhue','0000-00-00 00:00:00','0000-00-00 00:00:00',72),
	(7301,'Curicó','0000-00-00 00:00:00','0000-00-00 00:00:00',73),
	(7302,'Hualañe','0000-00-00 00:00:00','0000-00-00 00:00:00',73),
	(7303,'Licantén','0000-00-00 00:00:00','0000-00-00 00:00:00',73),
	(7304,'Molina','0000-00-00 00:00:00','0000-00-00 00:00:00',73),
	(7305,'Rauco','0000-00-00 00:00:00','0000-00-00 00:00:00',73),
	(7306,'Romeral','0000-00-00 00:00:00','0000-00-00 00:00:00',73),
	(7307,'Sagrada Familia','0000-00-00 00:00:00','0000-00-00 00:00:00',73),
	(7308,'Teno','0000-00-00 00:00:00','0000-00-00 00:00:00',73),
	(7309,'Vichuquén','0000-00-00 00:00:00','0000-00-00 00:00:00',73),
	(7401,'Linares','0000-00-00 00:00:00','0000-00-00 00:00:00',74),
	(7402,'Colbún','0000-00-00 00:00:00','0000-00-00 00:00:00',74),
	(7403,'Longaví','0000-00-00 00:00:00','0000-00-00 00:00:00',74),
	(7404,'Parral','0000-00-00 00:00:00','0000-00-00 00:00:00',74),
	(7405,'Retiro','0000-00-00 00:00:00','0000-00-00 00:00:00',74),
	(7406,'San Javier','0000-00-00 00:00:00','0000-00-00 00:00:00',74),
	(7407,'Villa Alegre','0000-00-00 00:00:00','0000-00-00 00:00:00',74),
	(7408,'Yerbas Buenas','0000-00-00 00:00:00','0000-00-00 00:00:00',74),
	(8101,'Concepción','0000-00-00 00:00:00','0000-00-00 00:00:00',81),
	(8102,'Coronel','0000-00-00 00:00:00','0000-00-00 00:00:00',81),
	(8103,'Chiguayante','0000-00-00 00:00:00','0000-00-00 00:00:00',81),
	(8104,'Florida','0000-00-00 00:00:00','0000-00-00 00:00:00',81),
	(8105,'Hualqui','0000-00-00 00:00:00','0000-00-00 00:00:00',81),
	(8106,'Lota','0000-00-00 00:00:00','0000-00-00 00:00:00',81),
	(8107,'Penco','0000-00-00 00:00:00','0000-00-00 00:00:00',81),
	(8108,'San Pedro de la Paz','0000-00-00 00:00:00','0000-00-00 00:00:00',81),
	(8109,'Santa Juana','0000-00-00 00:00:00','0000-00-00 00:00:00',81),
	(8110,'Talcahuano','0000-00-00 00:00:00','0000-00-00 00:00:00',81),
	(8111,'Tomé','0000-00-00 00:00:00','0000-00-00 00:00:00',81),
	(8112,'Hualpén','0000-00-00 00:00:00','0000-00-00 00:00:00',81),
	(8201,'Lebu','0000-00-00 00:00:00','0000-00-00 00:00:00',82),
	(8202,'Arauco','0000-00-00 00:00:00','0000-00-00 00:00:00',82),
	(8203,'Cañete','0000-00-00 00:00:00','0000-00-00 00:00:00',82),
	(8204,'Contulmo','0000-00-00 00:00:00','0000-00-00 00:00:00',82),
	(8205,'Curanilahue','0000-00-00 00:00:00','0000-00-00 00:00:00',82),
	(8206,'Los Álamos','0000-00-00 00:00:00','0000-00-00 00:00:00',82),
	(8207,'Tirúa','0000-00-00 00:00:00','0000-00-00 00:00:00',82),
	(8301,'Los Ángeles','0000-00-00 00:00:00','0000-00-00 00:00:00',83),
	(8302,'Antuco','0000-00-00 00:00:00','0000-00-00 00:00:00',83),
	(8303,'Cabrero','0000-00-00 00:00:00','0000-00-00 00:00:00',83),
	(8304,'Laja','0000-00-00 00:00:00','0000-00-00 00:00:00',83),
	(8305,'Mulchén','0000-00-00 00:00:00','0000-00-00 00:00:00',83),
	(8306,'Nacimiento','0000-00-00 00:00:00','0000-00-00 00:00:00',83),
	(8307,'Negrete','0000-00-00 00:00:00','0000-00-00 00:00:00',83),
	(8308,'Quilaco','0000-00-00 00:00:00','0000-00-00 00:00:00',83),
	(8309,'Quilleco','0000-00-00 00:00:00','0000-00-00 00:00:00',83),
	(8310,'San Rosendo','0000-00-00 00:00:00','0000-00-00 00:00:00',83),
	(8311,'Santa Bárbara','0000-00-00 00:00:00','0000-00-00 00:00:00',83),
	(8312,'Tucapel','0000-00-00 00:00:00','0000-00-00 00:00:00',83),
	(8313,'Yumbel','0000-00-00 00:00:00','0000-00-00 00:00:00',83),
	(8314,'Alto Biobí­o','0000-00-00 00:00:00','0000-00-00 00:00:00',83),
	(8401,'Chillán','0000-00-00 00:00:00','0000-00-00 00:00:00',84),
	(8402,'Bulnes','0000-00-00 00:00:00','0000-00-00 00:00:00',84),
	(8403,'Cobquecura','0000-00-00 00:00:00','0000-00-00 00:00:00',84),
	(8404,'Coelemu','0000-00-00 00:00:00','0000-00-00 00:00:00',84),
	(8405,'Coihueco','0000-00-00 00:00:00','0000-00-00 00:00:00',84),
	(8406,'Chillán Viejo','0000-00-00 00:00:00','0000-00-00 00:00:00',84),
	(8407,'El Carmen','0000-00-00 00:00:00','0000-00-00 00:00:00',84),
	(8408,'Ninhue','0000-00-00 00:00:00','0000-00-00 00:00:00',84),
	(8409,'Ñiquén','0000-00-00 00:00:00','0000-00-00 00:00:00',84),
	(8410,'Pemuco','0000-00-00 00:00:00','0000-00-00 00:00:00',84),
	(8411,'Pinto','0000-00-00 00:00:00','0000-00-00 00:00:00',84),
	(8412,'Portezuelo','0000-00-00 00:00:00','0000-00-00 00:00:00',84),
	(8413,'Quillón','0000-00-00 00:00:00','0000-00-00 00:00:00',84),
	(8414,'Quirihue','0000-00-00 00:00:00','0000-00-00 00:00:00',84),
	(8415,'Ránquil','0000-00-00 00:00:00','0000-00-00 00:00:00',84),
	(8416,'San Carlos','0000-00-00 00:00:00','0000-00-00 00:00:00',84),
	(8417,'San Fabián','0000-00-00 00:00:00','0000-00-00 00:00:00',84),
	(8418,'San Ignacio','0000-00-00 00:00:00','0000-00-00 00:00:00',84),
	(8419,'San Nicolás','0000-00-00 00:00:00','0000-00-00 00:00:00',84),
	(8420,'Treguaco','0000-00-00 00:00:00','0000-00-00 00:00:00',84),
	(8421,'Yungay','0000-00-00 00:00:00','0000-00-00 00:00:00',84),
	(9101,'Temuco','0000-00-00 00:00:00','0000-00-00 00:00:00',91),
	(9102,'Carahue','0000-00-00 00:00:00','0000-00-00 00:00:00',91),
	(9103,'Cunco','0000-00-00 00:00:00','0000-00-00 00:00:00',91),
	(9104,'Curarrehue','0000-00-00 00:00:00','0000-00-00 00:00:00',91),
	(9105,'Freire','0000-00-00 00:00:00','0000-00-00 00:00:00',91),
	(9106,'Galvarino','0000-00-00 00:00:00','0000-00-00 00:00:00',91),
	(9107,'Gorbea','0000-00-00 00:00:00','0000-00-00 00:00:00',91),
	(9108,'Lautaro','0000-00-00 00:00:00','0000-00-00 00:00:00',91),
	(9109,'Loncoche','0000-00-00 00:00:00','0000-00-00 00:00:00',91),
	(9110,'Melipeuco','0000-00-00 00:00:00','0000-00-00 00:00:00',91),
	(9111,'Nueva Imperial','0000-00-00 00:00:00','0000-00-00 00:00:00',91),
	(9112,'Padre Las Casas','0000-00-00 00:00:00','0000-00-00 00:00:00',91),
	(9113,'Perquenco','0000-00-00 00:00:00','0000-00-00 00:00:00',91),
	(9114,'Pitrufquén','0000-00-00 00:00:00','0000-00-00 00:00:00',91),
	(9115,'Pucón','0000-00-00 00:00:00','0000-00-00 00:00:00',91),
	(9116,'Saavedra','0000-00-00 00:00:00','0000-00-00 00:00:00',91),
	(9117,'Teodoro Schmidt','0000-00-00 00:00:00','0000-00-00 00:00:00',91),
	(9118,'Toltén','0000-00-00 00:00:00','0000-00-00 00:00:00',91),
	(9119,'Vilcún','0000-00-00 00:00:00','0000-00-00 00:00:00',91),
	(9120,'Villarrica','0000-00-00 00:00:00','0000-00-00 00:00:00',91),
	(9121,'Cholchol','0000-00-00 00:00:00','0000-00-00 00:00:00',91),
	(9201,'Angol','0000-00-00 00:00:00','0000-00-00 00:00:00',92),
	(9202,'Collipulli','0000-00-00 00:00:00','0000-00-00 00:00:00',92),
	(9203,'Curacautí­n','0000-00-00 00:00:00','0000-00-00 00:00:00',92),
	(9204,'Ercilla','0000-00-00 00:00:00','0000-00-00 00:00:00',92),
	(9205,'Lonquimay','0000-00-00 00:00:00','0000-00-00 00:00:00',92),
	(9206,'Los Sauces','0000-00-00 00:00:00','0000-00-00 00:00:00',92),
	(9207,'Lumaco','0000-00-00 00:00:00','0000-00-00 00:00:00',92),
	(9208,'Purén','0000-00-00 00:00:00','0000-00-00 00:00:00',92),
	(9209,'Renaico','0000-00-00 00:00:00','0000-00-00 00:00:00',92),
	(9210,'Traiguén','0000-00-00 00:00:00','0000-00-00 00:00:00',92),
	(9211,'Victoria','0000-00-00 00:00:00','0000-00-00 00:00:00',92),
	(10101,'Puerto Montt','0000-00-00 00:00:00','0000-00-00 00:00:00',101),
	(10102,'Calbuco','0000-00-00 00:00:00','0000-00-00 00:00:00',101),
	(10103,'Cochamó','0000-00-00 00:00:00','0000-00-00 00:00:00',101),
	(10104,'Fresia','0000-00-00 00:00:00','0000-00-00 00:00:00',101),
	(10105,'Frutillar','0000-00-00 00:00:00','0000-00-00 00:00:00',101),
	(10106,'Los Muermos','0000-00-00 00:00:00','0000-00-00 00:00:00',101),
	(10107,'Llanquihue','0000-00-00 00:00:00','0000-00-00 00:00:00',101),
	(10108,'Maullén','0000-00-00 00:00:00','0000-00-00 00:00:00',101),
	(10109,'Puerto Varas','0000-00-00 00:00:00','0000-00-00 00:00:00',101),
	(10201,'Castro','0000-00-00 00:00:00','0000-00-00 00:00:00',102),
	(10202,'Ancud','0000-00-00 00:00:00','0000-00-00 00:00:00',102),
	(10203,'Chonchi','0000-00-00 00:00:00','0000-00-00 00:00:00',102),
	(10204,'Curaco de Vélez','0000-00-00 00:00:00','0000-00-00 00:00:00',102),
	(10205,'Dalcahue','0000-00-00 00:00:00','0000-00-00 00:00:00',102),
	(10206,'Puqueldón','0000-00-00 00:00:00','0000-00-00 00:00:00',102),
	(10207,'Queilén','0000-00-00 00:00:00','0000-00-00 00:00:00',102),
	(10208,'Quellón','0000-00-00 00:00:00','0000-00-00 00:00:00',102),
	(10209,'Quemchi','0000-00-00 00:00:00','0000-00-00 00:00:00',102),
	(10210,'Quinchao','0000-00-00 00:00:00','0000-00-00 00:00:00',102),
	(10301,'Osorno','0000-00-00 00:00:00','0000-00-00 00:00:00',103),
	(10302,'Puerto Octay','0000-00-00 00:00:00','0000-00-00 00:00:00',103),
	(10303,'Purranque','0000-00-00 00:00:00','0000-00-00 00:00:00',103),
	(10304,'Puyehue','0000-00-00 00:00:00','0000-00-00 00:00:00',103),
	(10305,'Río Negro','0000-00-00 00:00:00','0000-00-00 00:00:00',103),
	(10306,'San Juan de la Costa','0000-00-00 00:00:00','0000-00-00 00:00:00',103),
	(10307,'San Pablo','0000-00-00 00:00:00','0000-00-00 00:00:00',103),
	(10401,'Chaitén','0000-00-00 00:00:00','0000-00-00 00:00:00',104),
	(10402,'Futaleufú','0000-00-00 00:00:00','0000-00-00 00:00:00',104),
	(10403,'Hualaihué','0000-00-00 00:00:00','0000-00-00 00:00:00',104),
	(10404,'Palena','0000-00-00 00:00:00','0000-00-00 00:00:00',104),
	(11101,'Coyhaique','0000-00-00 00:00:00','0000-00-00 00:00:00',111),
	(11102,'Lago Verde','0000-00-00 00:00:00','0000-00-00 00:00:00',111),
	(11201,'Aysén','0000-00-00 00:00:00','0000-00-00 00:00:00',112),
	(11202,'Cisnes','0000-00-00 00:00:00','0000-00-00 00:00:00',112),
	(11203,'Guaitecas','0000-00-00 00:00:00','0000-00-00 00:00:00',112),
	(11301,'Cochrane','0000-00-00 00:00:00','0000-00-00 00:00:00',113),
	(11302,'O\'Higgins','0000-00-00 00:00:00','0000-00-00 00:00:00',113),
	(11303,'Tortel','0000-00-00 00:00:00','0000-00-00 00:00:00',113),
	(11401,'Chile Chico','0000-00-00 00:00:00','0000-00-00 00:00:00',114),
	(11402,'Rí­o Ibáñez','0000-00-00 00:00:00','0000-00-00 00:00:00',114),
	(12101,'Punta Arenas','0000-00-00 00:00:00','0000-00-00 00:00:00',121),
	(12102,'Laguna Blanca','0000-00-00 00:00:00','0000-00-00 00:00:00',121),
	(12103,'Río Verde','0000-00-00 00:00:00','0000-00-00 00:00:00',121),
	(12104,'San Gregorio','0000-00-00 00:00:00','0000-00-00 00:00:00',121),
	(12201,'Cabo de Hornos ','0000-00-00 00:00:00','0000-00-00 00:00:00',122),
	(12202,'Antártica','0000-00-00 00:00:00','0000-00-00 00:00:00',122),
	(12301,'Porvenir','0000-00-00 00:00:00','0000-00-00 00:00:00',123),
	(12302,'Primavera','0000-00-00 00:00:00','0000-00-00 00:00:00',123),
	(12303,'Timaukel','0000-00-00 00:00:00','0000-00-00 00:00:00',123),
	(12401,'Natales','0000-00-00 00:00:00','0000-00-00 00:00:00',124),
	(12402,'Torres del Paine','0000-00-00 00:00:00','0000-00-00 00:00:00',124),
	(13101,'Santiago','0000-00-00 00:00:00','0000-00-00 00:00:00',131),
	(13102,'Cerrillos','0000-00-00 00:00:00','0000-00-00 00:00:00',131),
	(13103,'Cerro Navia','0000-00-00 00:00:00','0000-00-00 00:00:00',131),
	(13104,'Conchalí','0000-00-00 00:00:00','0000-00-00 00:00:00',131),
	(13105,'El Bosque','0000-00-00 00:00:00','0000-00-00 00:00:00',131),
	(13106,'Estación Central','0000-00-00 00:00:00','0000-00-00 00:00:00',131),
	(13107,'Huechuraba','0000-00-00 00:00:00','0000-00-00 00:00:00',131),
	(13108,'Independencia','0000-00-00 00:00:00','0000-00-00 00:00:00',131),
	(13109,'La Cisterna','0000-00-00 00:00:00','0000-00-00 00:00:00',131),
	(13110,'La Florida','0000-00-00 00:00:00','0000-00-00 00:00:00',131),
	(13111,'La Granja','0000-00-00 00:00:00','0000-00-00 00:00:00',131),
	(13112,'La Pintana','0000-00-00 00:00:00','0000-00-00 00:00:00',131),
	(13113,'La Reina','0000-00-00 00:00:00','0000-00-00 00:00:00',131),
	(13114,'Las Condes','0000-00-00 00:00:00','0000-00-00 00:00:00',131),
	(13115,'Lo Barnechea','0000-00-00 00:00:00','0000-00-00 00:00:00',131),
	(13116,'Lo Espejo','0000-00-00 00:00:00','0000-00-00 00:00:00',131),
	(13117,'Lo Prado','0000-00-00 00:00:00','0000-00-00 00:00:00',131),
	(13118,'Macul','0000-00-00 00:00:00','0000-00-00 00:00:00',131),
	(13119,'Maipú','0000-00-00 00:00:00','0000-00-00 00:00:00',131),
	(13120,'Ñuñoa','0000-00-00 00:00:00','0000-00-00 00:00:00',131),
	(13121,'Pedro Aguirre Cerda','0000-00-00 00:00:00','0000-00-00 00:00:00',131),
	(13122,'Peñalolén','0000-00-00 00:00:00','0000-00-00 00:00:00',131),
	(13123,'Providencia','0000-00-00 00:00:00','0000-00-00 00:00:00',131),
	(13124,'Pudahuel','0000-00-00 00:00:00','0000-00-00 00:00:00',131),
	(13125,'Quilicura','0000-00-00 00:00:00','0000-00-00 00:00:00',131),
	(13126,'Quinta Normal','0000-00-00 00:00:00','0000-00-00 00:00:00',131),
	(13127,'Recoleta','0000-00-00 00:00:00','0000-00-00 00:00:00',131),
	(13128,'Renca','0000-00-00 00:00:00','0000-00-00 00:00:00',131),
	(13129,'San Joaquín','0000-00-00 00:00:00','0000-00-00 00:00:00',131),
	(13130,'San Miguel','0000-00-00 00:00:00','0000-00-00 00:00:00',131),
	(13131,'San Ramón','0000-00-00 00:00:00','0000-00-00 00:00:00',131),
	(13132,'Vitacura','0000-00-00 00:00:00','0000-00-00 00:00:00',131),
	(13201,'Puente Alto','0000-00-00 00:00:00','0000-00-00 00:00:00',132),
	(13202,'Pirque','0000-00-00 00:00:00','0000-00-00 00:00:00',132),
	(13203,'San José de Maipo','0000-00-00 00:00:00','0000-00-00 00:00:00',132),
	(13301,'Colina','0000-00-00 00:00:00','0000-00-00 00:00:00',133),
	(13302,'Lampa ','0000-00-00 00:00:00','0000-00-00 00:00:00',133),
	(13303,'Tiltil','0000-00-00 00:00:00','0000-00-00 00:00:00',133),
	(13401,'San Bernardo','0000-00-00 00:00:00','0000-00-00 00:00:00',134),
	(13402,'Buin','0000-00-00 00:00:00','0000-00-00 00:00:00',134),
	(13403,'Calera de Tango','0000-00-00 00:00:00','0000-00-00 00:00:00',134),
	(13404,'Paine','0000-00-00 00:00:00','0000-00-00 00:00:00',134),
	(13501,'Melipilla','0000-00-00 00:00:00','0000-00-00 00:00:00',135),
	(13502,'Alhué','0000-00-00 00:00:00','0000-00-00 00:00:00',135),
	(13503,'Curacaví','0000-00-00 00:00:00','0000-00-00 00:00:00',135),
	(13504,'María Pinto','0000-00-00 00:00:00','0000-00-00 00:00:00',135),
	(13505,'San Pedro','0000-00-00 00:00:00','0000-00-00 00:00:00',135),
	(13601,'Talagante','0000-00-00 00:00:00','0000-00-00 00:00:00',136),
	(13602,'El Monte','0000-00-00 00:00:00','0000-00-00 00:00:00',136),
	(13603,'Isla de Maipo','0000-00-00 00:00:00','0000-00-00 00:00:00',136),
	(13604,'Padre Hurtado','0000-00-00 00:00:00','0000-00-00 00:00:00',136),
	(13605,'Peñaflor','0000-00-00 00:00:00','0000-00-00 00:00:00',136),
	(14101,'Valdivia','0000-00-00 00:00:00','0000-00-00 00:00:00',141),
	(14102,'Corral','0000-00-00 00:00:00','0000-00-00 00:00:00',141),
	(14103,'Lanco','0000-00-00 00:00:00','0000-00-00 00:00:00',141),
	(14104,'Los Lagos','0000-00-00 00:00:00','0000-00-00 00:00:00',141),
	(14105,'Máfil','0000-00-00 00:00:00','0000-00-00 00:00:00',141),
	(14106,'Mariquina','0000-00-00 00:00:00','0000-00-00 00:00:00',141),
	(14107,'Paillaco','0000-00-00 00:00:00','0000-00-00 00:00:00',141),
	(14108,'Panguipulli','0000-00-00 00:00:00','0000-00-00 00:00:00',141),
	(14201,'La Unión','0000-00-00 00:00:00','0000-00-00 00:00:00',142),
	(14202,'Futrono','0000-00-00 00:00:00','0000-00-00 00:00:00',142),
	(14203,'Lago Ranco','0000-00-00 00:00:00','0000-00-00 00:00:00',142),
	(14204,'Rí­o Bueno','0000-00-00 00:00:00','0000-00-00 00:00:00',142),
	(15101,'Arica','0000-00-00 00:00:00','0000-00-00 00:00:00',151),
	(15102,'Camarones','0000-00-00 00:00:00','0000-00-00 00:00:00',151),
	(15201,'Putre','0000-00-00 00:00:00','0000-00-00 00:00:00',152),
	(15202,'General Lagos','0000-00-00 00:00:00','0000-00-00 00:00:00',152);

/*!40000 ALTER TABLE `commune` ENABLE KEYS */;
UNLOCK TABLES;


# Volcado de tabla profiling
# ------------------------------------------------------------

DROP TABLE IF EXISTS `profiling`;

CREATE TABLE `profiling` (
  `id` int(11) NOT NULL AUTO_INCREMENT,
  `user_id` int(11) NOT NULL DEFAULT '0',
  `profile` tinyint(1) DEFAULT '1',
  `dashboard` tinyint(1) DEFAULT '0',
  `notifications` tinyint(1) DEFAULT '0',
  `messages` tinyint(1) DEFAULT '0',
  `results` tinyint(1) DEFAULT '0',
  `edit_profile` tinyint(1) DEFAULT '0',
  `view_profile` tinyint(1) DEFAULT '0',
  `createdAt` datetime NOT NULL,
  `updatedAt` datetime NOT NULL,
  PRIMARY KEY (`id`),
  UNIQUE KEY `Profiling_ibfk_1` (`user_id`),
  CONSTRAINT `Profiling_ibfk_1` FOREIGN KEY (`user_id`) REFERENCES `User` (`id`) ON DELETE CASCADE ON UPDATE CASCADE
) ENGINE=InnoDB DEFAULT CHARSET=utf8;



# Volcado de tabla province
# ------------------------------------------------------------

DROP TABLE IF EXISTS `province`;

CREATE TABLE `province` (
  `id` int(11) NOT NULL AUTO_INCREMENT,
  `name` varchar(45) DEFAULT NULL,
  `createdAt` datetime NOT NULL,
  `updatedAt` datetime NOT NULL,
  `region_id` int(11) DEFAULT NULL,
  PRIMARY KEY (`id`),
  KEY `region_id` (`region_id`),
  CONSTRAINT `Province_ibfk_1` FOREIGN KEY (`region_id`) REFERENCES `Region` (`id`) ON DELETE SET NULL ON UPDATE CASCADE
) ENGINE=InnoDB DEFAULT CHARSET=latin1;

LOCK TABLES `province` WRITE;
/*!40000 ALTER TABLE `province` DISABLE KEYS */;

INSERT INTO `province` (`id`, `name`, `createdAt`, `updatedAt`, `region_id`)
VALUES
	(11,'Iquique','0000-00-00 00:00:00','0000-00-00 00:00:00',1),
	(14,'Tamarugal ','0000-00-00 00:00:00','0000-00-00 00:00:00',1),
	(21,'Antofagasta','0000-00-00 00:00:00','0000-00-00 00:00:00',2),
	(22,'El Loa','0000-00-00 00:00:00','0000-00-00 00:00:00',2),
	(23,'Tocopilla','0000-00-00 00:00:00','0000-00-00 00:00:00',2),
	(31,'Copiapó','0000-00-00 00:00:00','0000-00-00 00:00:00',3),
	(32,'Chañaral','0000-00-00 00:00:00','0000-00-00 00:00:00',3),
	(33,'Huasco','0000-00-00 00:00:00','0000-00-00 00:00:00',3),
	(41,'Elqui','0000-00-00 00:00:00','0000-00-00 00:00:00',4),
	(42,'Choapa','0000-00-00 00:00:00','0000-00-00 00:00:00',4),
	(43,'Limarí','0000-00-00 00:00:00','0000-00-00 00:00:00',4),
	(51,'Valparaíso','0000-00-00 00:00:00','0000-00-00 00:00:00',5),
	(52,'Isla de Pascua','0000-00-00 00:00:00','0000-00-00 00:00:00',5),
	(53,'Los Andes','0000-00-00 00:00:00','0000-00-00 00:00:00',5),
	(54,'Petorca','0000-00-00 00:00:00','0000-00-00 00:00:00',5),
	(55,'Quillota','0000-00-00 00:00:00','0000-00-00 00:00:00',5),
	(56,'San Antonio','0000-00-00 00:00:00','0000-00-00 00:00:00',5),
	(57,'San Felipe de Aconcagua','0000-00-00 00:00:00','0000-00-00 00:00:00',5),
	(58,'Marga Marga ','0000-00-00 00:00:00','0000-00-00 00:00:00',5),
	(61,'Cachapoal','0000-00-00 00:00:00','0000-00-00 00:00:00',6),
	(62,'Cardenal Caro','0000-00-00 00:00:00','0000-00-00 00:00:00',6),
	(63,'Colchagua','0000-00-00 00:00:00','0000-00-00 00:00:00',6),
	(71,'Talca','0000-00-00 00:00:00','0000-00-00 00:00:00',7),
	(72,'Cauquenes','0000-00-00 00:00:00','0000-00-00 00:00:00',7),
	(73,'Curicó','0000-00-00 00:00:00','0000-00-00 00:00:00',7),
	(74,'Linares','0000-00-00 00:00:00','0000-00-00 00:00:00',7),
	(81,'Concepción','0000-00-00 00:00:00','0000-00-00 00:00:00',8),
	(82,'Arauco','0000-00-00 00:00:00','0000-00-00 00:00:00',8),
	(83,'Bio-bío','0000-00-00 00:00:00','0000-00-00 00:00:00',8),
	(84,'Ñuble','0000-00-00 00:00:00','0000-00-00 00:00:00',8),
	(91,'Cautén','0000-00-00 00:00:00','0000-00-00 00:00:00',9),
	(92,'Malleco','0000-00-00 00:00:00','0000-00-00 00:00:00',9),
	(101,'Llanquihue','0000-00-00 00:00:00','0000-00-00 00:00:00',10),
	(102,'Chiloé','0000-00-00 00:00:00','0000-00-00 00:00:00',10),
	(103,'Osorno','0000-00-00 00:00:00','0000-00-00 00:00:00',10),
	(104,'Palena','0000-00-00 00:00:00','0000-00-00 00:00:00',10),
	(111,'Coyhaique','0000-00-00 00:00:00','0000-00-00 00:00:00',11),
	(112,'Aysén','0000-00-00 00:00:00','0000-00-00 00:00:00',11),
	(113,'Capitán Prat','0000-00-00 00:00:00','0000-00-00 00:00:00',11),
	(114,'General Carrera','0000-00-00 00:00:00','0000-00-00 00:00:00',11),
	(121,'Magallanes','0000-00-00 00:00:00','0000-00-00 00:00:00',12),
	(122,'Antártica Chilena','0000-00-00 00:00:00','0000-00-00 00:00:00',12),
	(123,'Tierra del Fuego','0000-00-00 00:00:00','0000-00-00 00:00:00',12),
	(124,'Última Esperanza','0000-00-00 00:00:00','0000-00-00 00:00:00',12),
	(131,'Santiago','0000-00-00 00:00:00','0000-00-00 00:00:00',13),
	(132,'Cordillera','0000-00-00 00:00:00','0000-00-00 00:00:00',13),
	(133,'Chacabuco','0000-00-00 00:00:00','0000-00-00 00:00:00',13),
	(134,'Maipo','0000-00-00 00:00:00','0000-00-00 00:00:00',13),
	(135,'Melipilla','0000-00-00 00:00:00','0000-00-00 00:00:00',13),
	(136,'Talagante','0000-00-00 00:00:00','0000-00-00 00:00:00',13),
	(141,'Valdivia ','0000-00-00 00:00:00','0000-00-00 00:00:00',14),
	(142,'Ranco ','0000-00-00 00:00:00','0000-00-00 00:00:00',14),
	(151,'Arica ','0000-00-00 00:00:00','0000-00-00 00:00:00',15),
	(152,'Parinacota ','0000-00-00 00:00:00','0000-00-00 00:00:00',15);

/*!40000 ALTER TABLE `province` ENABLE KEYS */;
UNLOCK TABLES;


# Volcado de tabla region
# ------------------------------------------------------------

DROP TABLE IF EXISTS `region`;

CREATE TABLE `region` (
  `id` int(11) NOT NULL AUTO_INCREMENT,
  `name` varchar(45) DEFAULT NULL,
  `createdAt` datetime NOT NULL,
  `updatedAt` datetime NOT NULL,
  `country_id` int(11) DEFAULT NULL,
  PRIMARY KEY (`id`),
  KEY `country_id` (`country_id`),
  CONSTRAINT `Region_ibfk_1` FOREIGN KEY (`country_id`) REFERENCES `Country` (`id`) ON DELETE SET NULL ON UPDATE CASCADE
) ENGINE=InnoDB DEFAULT CHARSET=latin1;

LOCK TABLES `region` WRITE;
/*!40000 ALTER TABLE `region` DISABLE KEYS */;

INSERT INTO `region` (`id`, `name`, `createdAt`, `updatedAt`, `country_id`)
VALUES
	(1,'Tarapacá','0000-00-00 00:00:00','0000-00-00 00:00:00',56),
	(2,'Antofagasta','0000-00-00 00:00:00','0000-00-00 00:00:00',56),
	(3,'Atacama','0000-00-00 00:00:00','0000-00-00 00:00:00',56),
	(4,'Coquimbo','0000-00-00 00:00:00','0000-00-00 00:00:00',56),
	(5,'Valparaíso','0000-00-00 00:00:00','0000-00-00 00:00:00',56),
	(6,'O Higgins','0000-00-00 00:00:00','0000-00-00 00:00:00',56),
	(7,'Maule','0000-00-00 00:00:00','0000-00-00 00:00:00',56),
	(8,'Biobío','0000-00-00 00:00:00','0000-00-00 00:00:00',56),
	(9,'La Araucanía','0000-00-00 00:00:00','0000-00-00 00:00:00',56),
	(10,'Los Lagos','0000-00-00 00:00:00','0000-00-00 00:00:00',56),
	(11,'Aysén','0000-00-00 00:00:00','0000-00-00 00:00:00',56),
	(12,'Magallanes','0000-00-00 00:00:00','0000-00-00 00:00:00',56),
	(13,'Santiago Metropolitan Region','0000-00-00 00:00:00','0000-00-00 00:00:00',56),
	(14,'Los Ríos','0000-00-00 00:00:00','0000-00-00 00:00:00',56),
	(15,'Arica y Parinacota','0000-00-00 00:00:00','0000-00-00 00:00:00',56);

/*!40000 ALTER TABLE `region` ENABLE KEYS */;
UNLOCK TABLES;


# Volcado de tabla user
# ------------------------------------------------------------

DROP TABLE IF EXISTS `user`;

CREATE TABLE `user` (
  `id` int(11) NOT NULL AUTO_INCREMENT,
  `status` enum('active','locked','delete','suspended','unverified','inactive') DEFAULT 'active',
  `dni` varchar(255) DEFAULT NULL,
  `firstname` varchar(255) DEFAULT NULL,
  `lastname` varchar(255) DEFAULT NULL,
  `email` varchar(255) DEFAULT NULL,
  `password` varchar(255) DEFAULT NULL,
  `birthday` varchar(255) DEFAULT NULL,
  `gender` varchar(255) DEFAULT NULL,
  `token` varchar(255) DEFAULT NULL,
  `role` enum('admin','company','user') DEFAULT NULL,
  `setup` text,
  `facebook_id` varchar(255) DEFAULT NULL,
  `country_id` int(11) DEFAULT NULL,
  `region_id` int(11) DEFAULT NULL,
  `province_id` int(11) DEFAULT NULL,
  `commune_id` int(11) DEFAULT NULL,
  `createdAt` datetime NOT NULL,
  `updatedAt` datetime NOT NULL,
  PRIMARY KEY (`id`),
  UNIQUE KEY `email_UNIQUE` (`email`),
  KEY `country_id` (`country_id`),
  KEY `region_id` (`region_id`),
  KEY `province_id` (`province_id`),
  KEY `commune_id` (`commune_id`),
  CONSTRAINT `User_ibfk_1` FOREIGN KEY (`country_id`) REFERENCES `country` (`id`) ON DELETE SET NULL ON UPDATE CASCADE,
  CONSTRAINT `User_ibfk_2` FOREIGN KEY (`region_id`) REFERENCES `region` (`id`) ON DELETE SET NULL ON UPDATE CASCADE,
  CONSTRAINT `User_ibfk_4` FOREIGN KEY (`province_id`) REFERENCES `province` (`id`) ON DELETE SET NULL ON UPDATE CASCADE,
  CONSTRAINT `User_ibfk_5` FOREIGN KEY (`commune_id`) REFERENCES `commune` (`id`) ON DELETE SET NULL ON UPDATE CASCADE
) ENGINE=InnoDB DEFAULT CHARSET=latin1;




/*!40111 SET SQL_NOTES=@OLD_SQL_NOTES */;
/*!40101 SET SQL_MODE=@OLD_SQL_MODE */;
/*!40014 SET FOREIGN_KEY_CHECKS=@OLD_FOREIGN_KEY_CHECKS */;
/*!40101 SET CHARACTER_SET_CLIENT=@OLD_CHARACTER_SET_CLIENT */;
/*!40101 SET CHARACTER_SET_RESULTS=@OLD_CHARACTER_SET_RESULTS */;
/*!40101 SET COLLATION_CONNECTION=@OLD_COLLATION_CONNECTION */;
